{"stat.useItem.46":1,"achievement.openInventory":190,"stat.killEntity.Sheep":14,"stat.damageDealt":4135,"stat.useItem.3":89,"stat.useItem.351":14,"achievement.exploreAllBiomes":{"value":0,"progress":["Plains"]},"stat.useItem.259":7,"stat.killEntity.Cow":2,"stat.useItem.323":5,"stat.useItem.293":4,"stat.fallOneCm":1266,"stat.flyOneCm":676022,"stat.useItem.269":1,"stat.killEntity.EntityHorse":5,"stat.useItem.95":17,"stat.drop":15,"stat.killEntity.Chicken":6,"stat.damageTaken":2147483647,"stat.useItem.277":18,"stat.useItem.6":13,"stat.playOneMinute":164210,"stat.useItem.278":10,"stat.useItem.61":5,"stat.useItem.273":5,"stat.killEntity.Pig":3,"stat.deaths":1,"stat.mineBlock.3":3,"stat.useItem.58":9,"stat.useItem.161":2,"stat.useItem.162":1,"stat.useItem.389":5,"stat.mobKills":30,"stat.horseOneCm":883,"stat.walkOneCm":376760,"stat.useItem.145":1,"stat.useItem.35":1,"stat.useItem.276":33,"stat.jump":1461,"stat.useItem.1":3,"stat.useItem.20":1}